Symbol,Name,Sector,Market Cap,Price,PB,EPS fwd,PE fwd,PEG,D2E,ROE,ROCE,FCFY,CR,QR,Asset TR,DY,Beta,52w Low,52w High,52w Range,Momentum Score
MMM,3M Company,Industrials,74802782208,136.165,19.102833,7.87,17.301779,-4.78,345.812,0.24314,-0.24788141597936683,14.44147422479786,1.36,0.97,0.6735920028855568,2.0599999,0.995,71.36288,140.72,93.43254160495705,3.4494314710190235
AOS,A. O. Smith Corporation,Industrials,11863760896,81.345,6.2062254,4.11,19.791971,2.12,8.637,0.30341998,0.3286167680507802,3.2713066573252694,1.698,1.012,1.177110384650637,1.68,1.149,65.08,92.45,59.4263792473511,-0.4484119588924935
ABT,Abbott Laboratories,Healthcare,205934575616,118.36,5.237632,5.14,23.027239,3.04,37.525,0.14441,0.12296835261819346,2.616243470473057,1.68,1.023,0.5432909814970336,1.9,0.722,91.64,121.64,89.06666666666666,1.4854963895291342
ABBV,AbbVie Inc.,Healthcare,335973416960,190.2088,49.559353,12.07,15.758807,2.85,1039.994,0.54262,0.08747806338391659,5.844956449735421,0.807,0.594,0.39718334576405034,3.2300000000000004,0.618,135.85,199.95,84.80312012480499,1.0833946030447519
ACN,Accenture plc,Technology,231350829056,369.57,8.168737,14.01,26.379015,2.98,14.127,0.26674998,0.2640499427484985,3.303194615373611,1.099,0.984,1.211007203478247,1.6099999999999999,1.239,278.69,387.51,83.51405991545671,2.334454525552979
AES,The AES Corporation,Utilities,12579800064,17.695,4.069687,2.07,8.548309,1.48,367.049,-0.01717,0.04057830500741417,-59.0231951082303,0.973,0.34,0.30465837762439574,3.9600000000000004,1.07,13.55,22.21,47.86374133949191,-0.18355644166752105
A,"Agilent Technologies, Inc.",Healthcare,40336539648,140.385,6.8380413,5.65,24.8469,5.63,52.787,0.24658,0.15655021834061136,2.1804052595364563,1.781,1.258,0.641746888941066,0.64999997,1.055,96.8,155.35,74.44064901793338,0.7307934059983285
APD,"Air Products and Chemicals, Inc.",Basic Materials,72718909440,327.1,4.815393,13.33,24.538635,4.19,88.299,0.16211,0.10886728075512245,-3.7670394634565083,1.269,1.028,0.4257109118829092,2.19,0.83,212.24,328.21,99.0428559110115,3.7186784799394124
ALB,Albemarle Corporation,Basic Materials,11605796864,98.745,1.2912738,2.55,38.72353,770.85,31.868,-0.04103,0.024663855463457646,-21.574255945894866,2.668,1.546,0.5702940305641973,1.6900001000000002,1.545,71.97,164.06,29.07481811271583,1.3190771911404755
ARE,"Alexandria Real Estate Equities, Inc.",Real Estate,21333975040,121.96,1.1490052,3.56,34.258427,-6.82,56.485,0.01491,0.010215550185395161,6.728812597317073,2.778,2.673,0.07983143905465623,4.29,1.172,90.73,135.45,69.83452593917711,0.34182781974510124
ALLE,Allegion plc,Industrials,13157213184,151.01,9.231005,7.75,19.48516,2.86,179.401,0.43199003,0.21978464013862245,3.1957755956354355,1.659,1.181,0.8794247654377492,1.28,1.124,95.94,151.9772,98.27400369754375,2.4667723878230614
LNT,Alliant Energy Corporation,Utilities,15818379264,61.66,2.3289018,3.26,18.91411,2.56,143.661,0.094390005,0.05952569587492738,-6.388929024479863,0.655,0.27,0.19454106280193237,3.1400003,0.572,46.8,61.88,98.54111405835539,1.675591058346523
GOOGL,Alphabet Inc.,Communication Services,2045278814208,165.485,6.779949,8.7,19.021265,1.06,9.549,0.30871,0.26834342968014024,2.1507336884547845,2.079,1.897,0.8008639286347009,0.47999998000000005,1.038,120.21,191.75,63.286273413475,0.45159998859515227
GOOG,Alphabet Inc.,Communication Services,2045694181376,166.96,6.84038,8.69,19.21289,1.06,9.549,0.30871,0.26834342968014024,2.1502969935815095,2.079,1.897,0.8008639286347009,0.47999998000000005,1.038,121.46,193.31,63.326374391092564,0.47745511075432123
AMCR,Amcor plc,Consumer Cyclical,16390156288,11.34,4.22032,0.79,14.35443,2.84,187.023,0.18400998,0.10234037348120362,4.2510272858723335,1.165,0.571,0.8136725624123841,4.3999999999999995,0.86,8.45,11.48,95.37953795379536,1.8269563260186479
AEE,Ameren Corporation,Utilities,23509245952,88.11,2.0372255,4.91,17.945011,3.05,152.297,0.10446999,0.050847005468854206,-5.771133428822617,0.673,0.304,0.19051489826504434,3.05,0.46,67.03,88.56,97.90989317231768,1.895655248317107
AEP,"American Electric Power Company, Inc.",Utilities,53440811008,100.43,2.0441685,5.97,16.822447,2.66,169.394,0.10514,0.047186617219190506,-0.6069097715441616,0.655,0.32,0.19972191724539198,3.53,0.534,72.01,105.18,85.67983117274646,0.9358701544695558
AMT,American Tower Corporation,Real Estate,107111284736,229.3201,27.776176,6.64,34.53616,1.02,454.641,0.21584,0.04966969102542945,4.423320059765472,0.597,0.524,0.16730257217083352,2.8199999,0.832,157.25,243.56,83.50144826787161,1.3389597043159023
AWK,"American Water Works Company, Inc.",Utilities,27604293632,141.66,2.7191064,5.69,24.896309,3.58,130.171,0.09631,0.05883397875439656,-4.002547657003564,0.638,0.478,0.14578634759404321,2.17,0.691,113.34,150.68,75.8435993572576,0.11642795511779269
AME,"AMETEK, Inc.",Industrials,39255769088,169.545,4.2427616,7.28,23.289148,2.95,31.156,0.15367,0.13905053636615228,3.1959100563985876,1.256,0.691,0.4805706340560924,0.66000004,1.172,136.89,186.33,66.04975728155337,0.04376641158787309
AMGN,Amgen Inc.,Healthcare,174884618240,325.44,29.507662,20.63,15.775085,2.98,1057.3,0.49268,0.13623320890784896,1.7222783972153182,1.264,0.755,0.3474349098752118,2.77,0.602,249.7,346.85,77.96191456510549,0.39665752129931553
APH,Amphenol Corporation,Technology,80458612736,66.81,8.955764,2.05,32.590244,2.32,60.101,0.25456,0.19398520977739891,2.037382937956799,2.017,1.203,0.7882998562126796,1.0,1.243,39.34,70.84,87.2063492063492,1.8570889519844016
ADI,"Analog Devices, Inc.",Technology,113915518976,229.42,3.236875,7.54,30.427055,61.43,23.07,0.04658,0.08493849793129535,2.512405341894617,1.687,1.138,0.24835384236516633,1.63,1.071,154.99,244.14,83.48850252383623,1.0894704954273977
AON,Aon plc,Financial Services,77664018432,357.5,13.250556,17.35,20.605186,2.03,300.731,0.82436997,0.2967988300292493,4.0459533867041,1.087,0.236,0.40130207161393877,0.75,0.917,268.06,363.12,94.08794445613296,1.58207484263533
APA,APA Corporation,Energy,9258722304,25.03,1.7069013,3.51,7.1310544,11.12,105.404,0.7938,0.25,15.948475129900602,1.01,0.726,0.5832129900320524,4.02,3.232,22.72,43.58,11.073825503355717,-1.796707418837306
AAPL,Apple Inc.,Technology,3503937028096,230.46,52.592426,7.48,30.810162,3.16,151.862,1.60583,0.567695091062598,2.458894732329632,0.953,0.798,1.0868122800699807,0.43,1.239,164.08,237.49,90.42364800435908,1.730326907796322
AMAT,"Applied Materials, Inc.",Technology,155127349248,188.11,8.231304,9.69,19.412798,1.71,35.409,0.4391,0.34054030911504046,2.833558996081841,2.86,1.947,0.9230528239491776,0.84,1.54,129.21,255.89,46.49510577833914,-0.12414680563527858
ADM,Archer-Daniels-Midland Company,Consumer Defensive,27875631104,58.2999,1.258226,5.37,10.856592,-2.22,52.874,0.1075,0.13736828936028248,7.694444656688767,1.443,0.375,1.6421485074953017,3.47,0.712,50.72,77.35,28.463762673676317,-1.0796031111457132
AJG,Arthur J. Gallagher & Co.,Financial Services,63131475968,288.14,5.4553375,11.35,25.386786,2.55,74.262,0.10361,0.07210319642257593,4.315913515757326,1.041,0.134,0.22388418013163774,0.83,0.725,218.63,301.04,84.34655988350924,0.9207501825262316
T,AT&T Inc.,Communication Services,155486650368,21.685,1.4764757,2.27,9.552863,7.58,123.31,0.11788,0.07459830923235553,11.486436149810878,0.704,0.428,0.3023238298434523,5.1599998000000005,0.737,14.31,22.34,91.84308841843088,1.9995494439344024
ATO,Atmos Energy Corporation,Utilities,22193661952,142.97,1.821622,7.13,20.051893,2.82,64.648,0.090179995,0.05371866385288184,-7.040351769705103,1.735,1.36,0.19124854000642408,2.27,0.672,105.45,143.26,99.23300714096803,2.114499085023763
ADP,"Automatic Data Processing, Inc.",Technology,118187966464,289.8,26.007359,10.89,26.611568,3.17,83.53,0.9314,0.5638122529005569,3.130458207119559,1.01,0.141,0.3646050599190952,1.9299999,0.801,205.53,294.18,95.05922165820644,1.9134578498075827
AVB,"AvalonBay Communities, Inc.",Real Estate,31821764608,223.755,2.7066047,5.56,40.243706,-3.4,72.611,0.07143,0.05727594444661288,3.6995769106532634,1.211,0.542,0.13457363284276358,3.04,0.985,160.45,236.26,83.50481466824958,0.9276014920361315
AVY,Avery Dennison Corporation,Consumer Cyclical,17503451136,217.3826,7.658092,10.55,20.604986,1.8,140.737,0.29315,0.1476689109485872,4.197386459913273,0.899,0.537,1.035166426365847,1.6,0.894,165.21,233.48,76.4209755383038,0.6916029603004361
BKR,Baker Hughes Company,Energy,36760432640,36.745,2.342684,2.62,14.02481,0.36,37.498,0.13033,0.1198547215496368,2.902237355169496,1.266,0.742,0.7172060849759582,2.31,1.366,28.32,39.05,78.51817334575955,1.132606582300478
BALL,Ball Corporation,Consumer Cyclical,20366174208,67.09,2.9693723,3.51,19.113958,1.83,87.77,0.12785,0.09704223204756823,3.265831791514056,1.177,0.832,0.7155462613485668,1.21,0.881,42.81,71.32,85.16310066643287,1.1066720773455796
BAX,Baxter International Inc.,Healthcare,18851076096,36.95,2.4659636,3.16,11.693038,1.24,173.106,-0.02219,0.01878473338538557,8.065189659504943,1.402,0.781,0.5237699556247016,3.17,0.593,31.66,44.01,42.83400809716602,-0.4652616133349594
BDX,"Becton, Dickinson and Company",Healthcare,69709701120,241.175,2.6948133,14.32,16.84183,2.09,74.698,0.05633,0.04581807147965929,6.356360725707842,1.848,1.197,0.36649828783321037,1.5700001000000001,0.447,218.75,262.23,51.575436982520706,0.6772489365892259
BBY,"Best Buy Co., Inc.",Consumer Cyclical,21159000064,98.54,6.8189054,6.86,14.364431,-14.19,131.896,0.4241,0.2370359875318787,6.672101761566496,1.013,0.291,2.824309392265193,3.85,1.48,62.3,103.71,87.51509297271194,1.7010088880205163
TECH,Bio-Techne Corporation,Healthcare,11552602112,72.82,5.568981,2.18,33.403667,3.46,20.279,0.08332,0.07916130867978155,1.8558892786352719,3.874,2.474,0.4338969396500815,0.43,1.272,51.79,85.57,62.2557726465364,-0.46788881209008926
BWA,BorgWarner Inc.,Consumer Cyclical,8065299968,35.41,1.3236889,4.64,7.631466,0.66,61.639,0.1183,0.09956953022646453,13.344202798037827,1.617,1.189,0.9029796164975992,1.26,1.185,29.51,39.45,59.3561368209255,1.449958631917701
BMY,Bristol-Myers Squibb Company,Healthcare,107381235712,52.965,6.309864,6.96,7.609914,-15.02,316.386,-0.26591,0.13177497016338122,14.61358682264295,1.156,0.937,0.46886378197615364,4.5500003,0.46,39.35,57.59,74.64364035087719,2.138639952301493
AVGO,Broadcom Inc.,Technology,824497012736,176.46,2.9796863,6.15,28.692684,1.83,166.032,0.12509,0.255423490589098,3.151512319222919,1.038,0.841,0.49030182739032235,1.2,1.184,81.834,186.42,90.47673684814413,3.4428868956042353
BR,"Broadridge Financial Solutions, Inc.",Technology,25823635456,220.9301,11.891388,9.34,23.654186,2.21,164.971,0.31667998,0.1506634410966938,4.355070152365769,1.084,0.964,0.7898710820850227,1.59,1.058,166.73,224.32,94.1137350234416,1.6653154590159829
BRO,"Brown & Brown, Inc.",Financial Services,30317168640,106.2787,5.026424,4.01,26.503416,2.47,71.907,0.17958,0.13537500629627763,2.492193466256353,1.129,0.398,0.29104997418295103,0.49,0.827,66.73,107.67,96.60161211529066,2.2247973863729493
BF-B,Brown-Forman Corporation,Consumer Defensive,23071764480,49.21,6.71259,1.91,25.764399,-16.41,91.429,0.29046,0.2156803390343575,2.3860332332934773,2.475,0.741,0.5241171674088941,1.79,0.75,41.42,60.97,39.846547314578004,0.861645933481923
BG,Bunge Global SA,Consumer Defensive,13548918784,95.65,1.3545282,9.61,9.953175,-1.4,53.864,0.12297,0.201696352841391,9.533971209019537,2.032,0.528,2.383888532991672,2.87,0.634,86.1,114.92,33.13671061762668,-1.0900968829159514
BXP,"BXP, Inc.",Real Estate,15420140544,87.085,2.3575993,1.87,46.56952,-0.8,194.739,0.031770002,0.03447719507136139,6.525823374492844,0.833,0.76,0.130333274687582,4.5300003,1.202,50.64,87.65,98.47338557146715,3.949903104666479
CHRW,"C.H. Robinson Worldwide, Inc.",Industrials,13108720640,111.77,8.677121,4.75,23.530525,1.71,131.27,0.22913,0.1621684392240601,2.073462326831614,1.417,1.348,3.1478870367064156,2.27,0.827,65.0,113.075,97.28549141965678,3.7779558360891015
CPT,Camden Property Trust,Real Estate,12908167168,121.05,2.708478,1.63,74.26381,-3.08,72.203,0.08158,0.06115547641697287,5.659403372238694,0.159,0.147,0.16481979803835808,3.44,0.915,82.81,127.69,85.20499108734403,0.9446539048381828
CPB,Campbell Soup Company,Consumer Defensive,14380805120,48.32,3.7951617,3.41,14.170088,3.0,198.683,0.15203,0.08628527317951797,4.010554424368696,0.612,0.206,0.7061151210933206,3.06,0.174,39.48,52.81,66.31657914478619,0.15995134879558592
CARR,Carrier Global Corporation,Industrials,73529147392,81.45,5.339933,3.1,26.274193,2.62,98.182,0.31099,0.09432725309475146,3.0435208667243185,1.084,0.604,0.7502546343450804,0.9299999999999999,1.192,45.68,83.32,95.03188097768333,3.054917371043968
CAT,Caterpillar Inc.,Industrials,190327308288,392.51,11.110765,22.65,17.329361,3.31,217.735,0.62167,0.2570903162205202,3.879303981343342,1.284,0.701,0.7916467456424604,1.45000005,1.093,223.76,403.6,93.83340747330959,2.466330025921806
CBOE,"Cboe Global Markets, Inc.",Financial Services,22100793344,211.22,5.5035305,9.16,23.058952,2.54,39.486,0.20039,0.1818449894333317,3.0832604666881593,1.234,0.35,0.5209713938590678,1.2,0.671,160.47,216.14,91.16220585593679,1.3483292806059446
CBRE,"CBRE Group, Inc.",Real Estate,37773750272,123.27,4.4440837,5.89,20.928692,2.32,72.413,0.10905,0.07619713386927647,3.440919873300104,1.119,0.913,1.4838949397366528,1.72,1.402,64.63,125.43,96.44736842105262,2.9722070535198575
CDW,CDW Corporation,Technology,29509609472,220.92,13.570859,10.91,20.249313,2.8,284.804,0.58541,0.21380664575523423,4.527127128766633,1.135,0.97,1.6184069563637327,1.13,1.032,185.04,263.37,45.806204519341236,-0.27232456363336977
CE,Celanese Corporation,Basic Materials,14896507904,136.335,2.078753,12.47,10.93304,0.74,176.147,0.28254,0.08448390677025527,7.18373056891173,1.276,0.673,0.41385310862698366,2.09,1.295,110.76,172.16,41.65309446254073,0.8071916492666382
COR,"Cencora, Inc.",Healthcare,46118719488,235.29,50.104343,14.74,15.962687,1.69,578.115,1.87717,0.17748879843654525,9.75928071283747,0.893,0.517,4.401860564028206,0.88,0.437,182.75,247.66,80.94284393775996,0.8505384990191418
CNP,"CenterPoint Energy, Inc.",Utilities,19577700352,30.04,1.8624839,1.73,17.364162,2.49,184.866,0.10154,0.049873085827452514,-12.586385957982404,1.196,0.508,0.22223074072654322,2.7999999,0.917,25.41,31.57,75.16233766233765,1.263474498896133
CF,"CF Industries Holdings, Inc.",Basic Materials,15315174400,84.89,2.8042417,5.77,14.712305,-1.15,39.731,0.15955,0.17619328226281675,8.134905365491626,4.7,3.943,0.4789627649969302,2.35,0.946,69.13,90.86,72.52646111366775,1.3719066754369487
CVX,Chevron Corporation,Energy,269707968512,148.6199,1.707019,11.73,12.670069,34.35,14.466,0.11761,0.13102182461830897,5.918902021350449,1.157,0.725,0.7583187154490018,4.4099998000000005,1.079,135.37,170.17,38.07442528735633,0.015075904638146453
CHD,"Church & Dwight Co., Inc.",Consumer Defensive,25366507520,103.615,5.8905625,3.73,27.77882,3.43,56.203,0.19531,0.1508702708753078,2.473044393302433,1.527,0.939,0.6938184311963488,1.09,0.54,82.25,110.31,76.14041339985742,0.3893790867701252
CTAS,Cintas Corporation,Industrials,85631909888,212.3286,21.292479,4.68,45.36936,3.88,70.573,0.40462002,0.28260092437663975,1.865249944896803,1.533,0.703,1.0834345224853295,0.74,1.311,123.6475,213.05,99.19308744162633,2.4410354017119023
CSCO,"Cisco Systems, Inc.",Technology,220749234176,55.295,4.874383,3.89,14.214652,3.75,70.931,0.22982,0.15794056949265767,4.771251197910203,0.908,0.705,0.4755750999933706,2.96,0.822,44.5,55.72,96.21212121212123,2.3394392798582277
CLX,The Clorox Company,Consumer Defensive,20025102336,161.925,61.312004,7.13,22.710379,3.19,596.951,0.66363996,0.11683026095283697,1.7946225790513735,1.03,0.57,1.2128932968536252,2.9899999999999998,0.394,114.69,169.09,86.82904411764707,1.429121064079615
CME,CME Group Inc.,Financial Services,81062567936,225.115,2.927297,10.25,21.96244,6.41,13.931,0.11913,0.1188507875621397,2.99214854618839,1.02,0.029,0.036717565843035024,2.0499999,0.561,190.7,226.78,95.38525498891354,1.3301648863356141
CMS,CMS Energy Corporation,Utilities,21141049344,70.77,2.717429,3.59,19.71309,2.78,184.615,0.10697,0.05215204754751486,-3.1354877291752277,1.181,0.603,0.23006012024048098,2.93,0.405,52.12,71.57,95.88688946015425,1.6087105226057983
KO,The Coca-Cola Company,Consumer Defensive,304082878464,70.555,11.759167,3.04,23.208881,4.09,164.398,0.38772,0.1953137646360546,3.850348356060476,1.08,0.805,0.48044270368464714,2.76,0.608,53.86,73.53,84.87544483985768,0.9294702447919765
CTSH,Cognizant Technology Solutions Corporation,Technology,38612008960,77.66,2.777142,4.98,15.594378,2.67,8.901,0.16379999,0.18666666666666668,5.0301707585639175,2.459,2.097,1.0652538874363562,1.55,1.049,62.14,80.27,85.60397131825704,1.045770742701791
CL,Colgate-Palmolive Company,Consumer Defensive,82378711040,100.82,667.6821,3.88,25.984535,3.22,1800.0,7.5332503,0.3157397871610024,3.4584177150048308,1.055,0.591,1.211368447266841,1.97,0.397,71.47,109.3,77.58392809939201,0.6433490783144236
CMCSA,Comcast Corporation,Communication Services,164640079872,42.495,1.9820428,4.41,9.636054,1.39,116.903,0.17489,0.10936588710359596,13.205624225220976,0.664,0.544,0.46571637622920364,2.94,1.012,36.43,47.11,56.7883895131086,1.268672525717685
CAG,"Conagra Brands, Inc.",Consumer Defensive,14177394688,29.705,1.6304407,2.69,11.04275,7.32,100.881,0.05605,0.05938537498935899,7.526065426556318,0.937,0.291,0.5616184588569472,4.73,0.311,26.62,33.24,46.601208459214455,-0.9212392485674754
COP,ConocoPhillips,Energy,122314473472,105.33,2.4588556,8.36,12.599283,2.61,36.892,0.21968001,0.20194601892480127,5.5542282897168205,1.33,1.097,0.5917271400188666,2.97,1.223,101.3,135.18,11.894923258559622,-1.130824952095214
ED,"Consolidated Edison, Inc.",Utilities,36553121792,105.6,1.6946976,5.62,18.790035,3.49,123.191,0.08417,0.0672468222285323,-5.141831777583896,1.044,0.819,0.2165942863895536,3.15,0.348,85.85,106.41,96.06031128404669,1.416504214382155
STZ,"Constellation Brands, Inc.",Consumer Defensive,44028493824,242.465,5.591002,15.17,15.983191,1.67,149.155,0.07111,0.11783592017738359,2.1955099982845145,1.252,0.321,0.39567065178535965,1.66,0.876,227.64,274.87,31.38894770273134,-0.5623217242420511
CEG,Constellation Energy Corporation,Utilities,84832559104,271.3001,7.4375663,8.99,30.177988,2.3,77.447,0.20031999,0.06476293345934878,-0.5067335142784001,1.354,0.535,0.5102644700871328,0.53,0.768,109.44,288.753,90.26679604936619,8.493084938964238
COO,"The Cooper Companies, Inc.",Healthcare,21651243008,108.715,2.731258,4.08,26.645832,2.54,36.711,0.0465,0.04847566394447095,0.6871430335201936,1.987,0.875,0.3104115553405439,0.02,0.982,75.935,112.38,89.94375085745646,1.3005462812823678
GLW,Corning Incorporated,Technology,39680135168,46.3715,3.570334,2.28,20.338377,1.69,75.016,0.044260003,0.04735122616930648,2.7167246165767898,1.573,0.694,0.4340764495939585,2.4500001,1.039,25.26,47.45,95.13970256872463,2.786699550590627
CTVA,"Corteva, Inc.",Basic Materials,40731811840,58.84,1.620892,3.31,17.776436,1.68,18.583,0.03415,0.04069107312732071,5.7590122070052265,1.716,1.073,0.4024108206601724,1.1900000000000002,0.774,43.22,59.075,98.51781772311574,0.8335235340740381
COST,Costco Wholesale Corporation,Consumer Defensive,392250458112,884.85,16.598822,19.61,45.122383,5.08,42.118,0.30267,0.28832892018506123,1.1389406792545762,0.966,0.391,3.6658094723572843,0.52,0.787,540.23,923.83,89.83837330552659,1.2170512623967757
CTRA,Coterra Energy Inc.,Energy,17764753408,24.03,1.3647981,2.49,9.650602,0.94,22.743,0.102010004,0.11831511596907492,4.473042804197645,1.404,1.349,0.29155266336365204,3.49,0.198,22.3,29.89,22.793148880105406,-0.33020217606000857
CCI,Crown Castle Inc.,Real Estate,50062118912,115.2,8.866312,2.82,40.851063,-6.15,519.834,0.18743,0.06535529464136665,2.559320451961296,0.433,0.282,0.18027579795475673,5.48,0.863,84.72,120.92,84.1988950276243,1.0292048484933567
CSX,CSX Corporation,Industrials,69407473664,35.8003,5.5018134,2.12,16.886934,2.0,151.609,0.28923,0.14546753777051857,3.3256506686501606,1.161,0.976,0.3476518026565465,1.35,1.189,29.03,40.12,61.04869251577999,0.9770107712186602
CMI,Cummins Inc.,Industrials,45830221824,334.41,4.7984676,21.91,15.262894,2.07,76.466,0.1894,0.10475342896031829,6.02822731823049,1.343,0.699,1.0935092449922958,2.19,0.976,212.8,339.78,95.77098755709564,2.784596305863357
CVS,CVS Health Corporation,Healthcare,82448138240,65.5401,1.0985969,7.32,8.953566,-11.85,111.598,0.097279996,0.08110168348588886,6.7634938799559245,0.86,0.598,1.4969613161423674,4.0900003,0.532,52.77,83.25,41.89665354330707,1.788719194782171
DHR,Danaher Corporation,Healthcare,193672249344,268.165,3.8910172,8.64,31.037615,5.23,36.492,0.07982,0.06993465767444301,2.627506055842507,1.434,0.846,0.28299316504578353,0.4,0.862,182.09,281.7,86.41200682662387,0.8064516513264861
DRI,"Darden Restaurants, Inc.",Consumer Cyclical,18977423360,161.51,8.890295,10.56,15.294506,1.96,326.282,0.48619,0.14442801599036198,3.7812033930406033,0.353,0.108,1.0563657863618447,3.5000000000000004,1.304,135.87,176.84,62.58237734927993,1.2181435014296298
DE,Deere & Company,Industrials,110743781376,404.7653,4.801999,22.62,17.894133,-1.46,288.043,0.35481,0.24549767545181916,2.7089557198831113,2.078,1.798,0.6207390388270991,1.46,0.932,340.2,420.47,80.43515634732778,0.5388236685981427
DAL,"Delta Air Lines, Inc.",Industrials,35561439232,55.11,2.5891473,6.93,7.952381,1.03,186.78,0.4067,0.13640791089654003,0.025659816354645336,0.393,0.268,0.7955486116821533,1.1400000000000001,1.358,30.6,55.405,98.81072364442652,4.026768357375421
DVN,Devon Energy Corporation,Energy,27146602496,41.24,2.0634444,5.16,7.9922485,1.33,51.08,0.29691,0.23174411587205793,7.170326261957875,1.114,0.905,0.6329675800128601,4.8499998,2.061,37.77,55.09,20.034642032332556,-0.8043260261461014
FANG,"Diamondback Energy, Inc.",Energy,53261484032,181.94,1.8602132,17.28,10.5289345,1.66,65.634,0.21341999,0.164466589818912,2.003558502723772,3.662,3.621,0.30472740445571456,5.9899997,1.876,145.7,214.5,52.674418604651166,-0.19147489191929123
DLR,"Digital Realty Trust, Inc.",Real Estate,53740040192,160.96,2.6484575,1.39,115.79857,-10.92,79.371,0.05388,0.03686266399005989,4.150727733047097,1.54,1.538,0.12797132221946203,3.0299999,0.622,113.94,165.17,91.78215889127468,1.1850865355838671
DG,Dollar General Corporation,Consumer Defensive,17952761856,81.635,2.472739,6.3,12.957936,-6.67,250.873,0.20882,0.10163320231210031,7.087717746195897,1.222,0.18,1.29232739821558,2.93,0.445,77.96,168.07,4.07834868494064,-3.060779988140962
D,"Dominion Energy, Inc.",Utilities,49401704448,58.886,1.9204879,3.38,17.421894,1.01,156.34,0.07542,0.043687023984105205,-15.7939896673259,0.934,0.229,0.1346228493127622,4.63,0.603,39.18,59.18,98.53000000000002,2.042766897484963
DOV,Dover Corporation,Industrials,26551388160,193.16,4.950282,9.65,20.01658,2.54,59.128,0.29924,0.15836390004969103,4.27714007703317,1.53,0.893,0.7586533478576251,1.08,1.218,127.25,194.75,97.64444444444445,1.3788165268783086
DOW,Dow Inc.,Basic Materials,37218906112,53.1,2.0318358,3.55,14.9577465,0.99,94.638,0.062480003,0.029202249531347636,5.987883924620379,1.751,0.874,0.7526693092687864,5.33,1.213,47.26,60.69,43.484735666418494,0.33474220892995366
DHI,"D.R. Horton, Inc.",Consumer Cyclical,62368874496,191.4101,2.5414267,15.97,11.985603,1.69,22.913,0.21305999,0.20005967428333482,1.63831720270266,6.487,0.65,1.1269165071067078,0.63,1.727,100.08,199.85,91.54064348000401,1.71527454187128
DTE,DTE Energy Company,Utilities,26499969024,128.0068,2.3860943,7.19,17.80345,3.68,208.891,0.12835,0.06063490430129656,-5.3684025921373095,0.694,0.435,0.29152084905876163,3.2,0.678,92.58,129.53,95.87767253044655,1.589355286687809
DUK,Duke Energy Corporation,Utilities,91359215616,118.31,1.9129773,6.35,18.631496,2.94,164.103,0.092130005,0.04875007831589499,-2.9795845308497446,0.811,0.327,0.1637279951771795,3.5700000000000003,0.456,85.79,118.47,99.51040391676868,1.6763520345089207
DD,"DuPont de Nemours, Inc.",Basic Materials,35587272704,85.24,1.5250022,4.34,19.640553,2.14,32.558,0.01391,0.025385005923168048,6.774894170884313,2.212,1.358,0.3020511344437909,1.79,1.326,61.14,90.06,83.3333333333333,1.151627127521962
EMN,Eastman Chemical Company,Basic Materials,12844666880,109.915,2.2817197,8.95,12.281006,1.15,90.121,0.16035,0.1088164551712698,3.148193812870607,1.402,0.678,0.6286689419795222,2.94,1.453,68.89,114.5,89.94737996053497,1.8199873022252058
ETN,Eaton Corporation plc,Industrials,135350018048,339.99,7.042484,11.92,28.52265,2.05,54.498,0.19622,0.1296398891966759,1.8652564162235108,1.558,0.982,0.6316477411976146,1.11,1.01,191.82,347.35,95.2677939947277,2.184330349438184
EBAY,eBay Inc.,Consumer Cyclical,32601628672,66.67,5.9611945,5.18,12.870656,1.66,148.0,0.50014,0.2321637426900585,5.754697333913613,1.253,1.107,0.47619496114904636,1.6099999999999999,1.316,37.17,67.8,96.31080639895528,2.9802014196348887
ECL,Ecolab Inc.,Basic Materials,73723789312,259.1,11.045273,7.5,34.54667,2.35,103.915,0.218,0.12024593161455477,2.102459136277339,1.495,0.891,0.7074523965098855,0.88,1.135,156.72,261.54,97.67219996183934,1.7598728382082351
EIX,Edison International,Utilities,32956342272,85.34,2.39128,5.61,15.21212,2.1,209.889,0.054050002,0.042741935483870966,-5.343053526592527,1.029,0.422,0.20448188036220502,3.6700000000000004,0.921,61.64,88.77,87.35716918540363,1.6321935766312654
EA,Electronic Arts Inc.,Communication Services,38401339392,145.3,5.205833,8.33,17.442978,1.49,29.527,0.15624,0.1594385285575992,3.6518909553768095,1.453,1.296,0.5626697421779084,0.52,0.788,119.92,153.51,75.5582018457875,1.02088679538332
EMR,Emerson Electric Co.,Industrials,63277670400,110.6253,3.0423326,5.94,18.623787,1.54,40.34,0.06474,0.07920135758604231,1.2873815025908413,1.162,0.79,0.3867734448723507,1.9199998999999999,1.294,83.1,119.53,75.5566840516058,0.8722449204090912
ETR,Entergy Corporation,Utilities,28689704960,134.17,1.9692076,7.73,17.35705,2.58,192.943,0.12486,0.05024079057376883,-6.254348207838803,0.938,0.535,0.2053686744373371,3.39,0.727,90.78,134.63,98.9509692132269,2.5467621437621024
EOG,"EOG Resources, Inc.",Energy,72513560576,127.53,2.4900908,11.33,11.255958,1.48,14.016,0.27056998,0.24726642033029184,5.134212186557849,2.118,1.748,0.5439996245365373,2.86,1.285,108.94,139.67,60.49463065408399,0.14508454207368493
EQT,EQT Corporation,Energy,21765222400,36.64,1.0702809,2.98,12.295301,1.9,32.74,0.051119998,0.09992826129166323,0.5635641931230623,0.73,0.419,0.21144737619149143,1.7399999999999998,1.064,30.02,45.23,43.52399737015123,1.0751563658070324
EFX,Equifax Inc.,Industrials,35994800128,290.9,7.662724,9.64,30.176348,2.01,114.041,0.1305,0.09348991326381444,1.9015941346137761,0.793,0.668,0.4419357140159225,0.54,1.58,159.95,309.63,87.48663816141101,1.5161143953548466
EQIX,"Equinix, Inc.",Real Estate,83059785728,874.82,6.7649264,12.55,69.70677,7.75,146.103,0.085,0.05175757823209163,3.277126835980272,1.215,1.045,0.26009991571670205,1.94,0.703,677.8,914.93,83.08522751233505,1.273615166960838
EQR,Equity Residential,Real Estate,29007990784,74.2272,2.5677044,1.69,43.92142,-33.23,64.884,0.085939996,0.059625268857311106,4.645260824969793,0.247,0.084,0.14279563874596035,3.65,0.909,52.57,78.83,82.47220106626047,0.7505645194848292
ESS,"Essex Property Trust, Inc.",Real Estate,19597662208,294.805,3.453262,6.04,48.808773,9.56,111.409,0.095369995,0.0785503176371209,3.6791914890015027,0.874,0.214,0.13498605905346464,3.35,0.894,203.85,317.73,79.86916051984545,0.6273201665946808
EL,The Est√©e Lauder Companies Inc.,Consumer Defensive,32508686336,90.56,6.112724,4.11,22.034061,1.34,184.908,0.06973,0.07198748043818466,4.643758730811115,1.389,0.898,0.6922735740264349,2.8900001,1.002,82.39,159.75,10.561013443640126,-1.0587339213906088
EVRG,"Evergy, Inc.",Utilities,13990644736,60.84,1.4417745,4.06,14.985222,2.45,144.608,0.07796,0.046519926447830755,-6.999141515475045,0.593,0.138,0.1821916448913439,4.2600001999999995,0.604,47.46,62.58,88.49206349206352,1.0383535368631742
ES,Eversource Energy,Utilities,23405142016,65.49,1.5669713,4.81,13.615384,3.41,193.364,-0.00548,0.01177986626087702,-12.79837354523318,0.747,0.272,0.21885999343367007,4.37,0.618,52.03,69.01,79.26972909305059,0.6205384657149473
EXC,Exelon Corporation,Utilities,40700338176,40.68,1.5562952,2.63,15.46768,3.43,176.644,0.09455,0.048186613017236694,-5.589941248551065,1.034,0.561,0.22069631021610503,3.75,0.604,33.35,41.48,90.15990159901602,1.270935671511322
EXPD,"Expeditors International of Washington, Inc.",Industrials,17223966720,122.045,7.8860817,5.3,23.027357,5.14,25.387,0.28525,0.36171848093759057,3.2706418977567555,1.711,1.442,1.8390125687112717,1.2,0.96,107.03,131.59,61.13599348534202,0.0843965662574413
EXR,Extra Space Storage Inc.,Real Estate,37987532800,172.24,2.5755515,4.83,35.660458,6.66,77.487,0.08825,0.049673826993582346,2.3492871429649673,2.15,0.396,0.1292278463506203,3.7900000000000005,0.871,101.19,184.87,84.90678776290632,0.7705162676672304
XOM,Exxon Mobil Corporation,Energy,537760137216,121.04,2.0035424,8.3,14.583133,4.38,15.632,0.1469,0.17244960627136247,5.393529025441687,1.36,0.983,0.8980525474118038,3.1600002000000003,0.877,95.77,126.34,82.66274124959112,1.0801816338964145
FDS,FactSet Research Systems Inc.,Financial Services,17874425856,469.885,9.338123,18.6,25.262634,5.83,82.332,0.30411,0.1869314459458799,3.107147454549267,1.252,1.077,0.522865401724183,0.89,0.751,391.84,488.64,80.625,1.3461204999672225
FAST,Fastenal Company,Industrials,44770832384,78.13,12.443064,2.2,35.513634,5.96,14.644,0.32698002,0.4031986531986532,1.8366589232633197,4.397,2.013,1.6305165621705597,2.0299999,0.997,56.41,79.04,95.97878921785237,2.565462586029189
FRT,Federal Realty Investment Trust,Real Estate,9541369856,113.185,3.3363302,3.08,36.748375,3.26,142.693,0.093310006,0.05099425189483998,3.8518407057545256,0.362,0.35,0.13582721529158417,3.8900003,1.256,85.59,118.34,84.25954198473282,0.7368943531303167
FIS,"Fidelity National Information Services, Inc.",Technology,48844525568,89.53,2.8849933,5.63,15.902308,-29.1,65.976,0.03136,0.037404517900345234,4.922250925854259,1.348,0.901,0.16591909311303144,1.7999999999999998,1.086,46.91,89.745,99.49807400490252,2.79014794327186
FE,FirstEnergy Corp.,Utilities,25251299328,43.845,2.0243318,2.89,15.17128,2.56,174.468,0.08081,0.05742145178764897,-8.108741136063253,0.513,0.293,0.271304347826087,3.9100002000000003,0.489,34.73,44.97,89.013671875,1.2268250566647505
FMC,FMC Corporation,Basic Materials,7847684608,62.87,1.7211925,4.69,13.405117,1.2,94.352,0.36833,0.06291561299990633,6.819209011718734,1.479,0.901,0.38850957895876176,3.7600000000000002,0.855,49.49,68.72,69.57878315132604,0.5191310869528264
F,Ford Motor Company,Consumer Cyclical,43986137088,11.065,1.0095803,1.86,5.9489245,-2.43,350.717,0.08754,0.030766275272297545,-3.732141689814032,1.166,0.956,0.665884344871635,5.54,1.631,9.49,14.85,29.384328358208943,-0.8203421348082965
FTV,Fortive Corporation,Technology,27214567424,77.68,2.5917523,4.16,18.673079,2.42,37.563,0.0865,0.07369465295459807,4.047832114459847,1.232,0.825,0.3698083067092652,0.41000000000000003,1.163,63.05,87.1,60.83160083160087,0.399970441673295
FOXA,Fox Corporation,Communication Services,18514640896,42.15,1.8148547,3.63,11.61157,0.83,73.734,0.14313,0.13191377497371187,5.731275037741893,2.541,2.264,0.6378028194716913,1.2899999500000001,0.771,28.285,42.635,96.62020905923345,2.150710800753207
BEN,"Franklin Resources, Inc.",Financial Services,10716072960,20.4897,0.831124,2.61,7.85046,2.17,26.914,0.07579,0.0535853522695628,-6.519295665564412,5.122,1.464,0.2698232093197529,6.12,1.407,18.95,30.32,13.541776605101141,-0.5752552300440277
FCX,Freeport-McMoRan Inc.,Basic Materials,68574142464,47.725,3.9432373,2.19,21.792236,2.89,32.859,0.16131,0.1396628900644664,0.36712088690305317,2.399,1.113,0.441220475101111,1.27,1.895,32.83,55.24,66.46586345381526,1.512303973368135
GRMN,Garmin Ltd.,Technology,32169897984,167.365,4.593271,6.62,25.281723,2.84,1.922,0.20961,0.14975698221910075,3.274873673904654,2.892,1.877,0.6401390313001022,1.7999999999999998,1.006,99.61,184.42,79.89034311991513,0.8066310057600934
GE,GE Aerospace,Industrials,206539374592,190.48,11.10541,5.23,36.42065,1.52,110.529,0.16128999,0.10082108247376727,2.2363773576464148,1.141,0.805,0.386216382112897,0.58999998,1.181,84.22187,194.33,96.50343712130973,2.953847074306788
GEN,Gen Digital Inc.,Technology,17296252928,28.1,8.7730255,2.45,11.469388,1.1,435.33,0.28326,0.08594940566900336,6.1349992765323185,0.296,0.249,0.2403606671080425,1.78,1.061,16.38,28.45,97.10024855012429,2.5348879842696093
GD,General Dynamics Corporation,Industrials,83548307456,304.0575,3.7853408,16.41,18.528793,1.48,50.458,0.17079,0.11420605555266038,1.6361792424339883,1.332,0.717,0.7946238075097514,1.8900000000000001,0.606,232.29,309.97,92.38864572605559,0.7930326582147205
GIS,"General Mills, Inc.",Consumer Defensive,39543975936,71.23,4.268081,4.7,15.15532,4.7,139.823,0.24168,0.14430285471092777,5.5546071430828015,0.66,0.317,0.6311727610232416,3.37,0.091,61.48,75.9,67.61442441054092,0.24825453712295564
GM,General Motors Company,Consumer Cyclical,55341821952,49.24,0.78917843,9.87,4.9888554,0.42,179.035,0.1463,0.06334152581752221,1.0094084442765836,1.175,0.912,0.639887097584998,1.0,1.432,26.3,50.5,94.79338842975208,1.1801680621196586
GPC,Genuine Parts Company,Consumer Cyclical,20011636736,143.64,4.4081635,10.14,14.16568,2.1,114.111,0.28061,0.1781634487338711,3.23775615431999,1.118,0.351,1.3399908245841372,2.8499998,0.911,126.35,164.45,45.38057742782151,0.4664166514286633
GILD,"Gilead Sciences, Inc.",Healthcare,107168735232,86.08,5.8669577,7.23,11.905948,3.76,128.318,0.05263,0.15346641754351462,6.3369693645243,1.142,0.783,0.4328310560592517,3.5900000000000003,0.199,62.07,87.87,93.06201550387595,1.881208072572822
GPN,Global Payments Inc.,Industrials,26341861376,103.53,1.1762501,12.88,8.038043,0.66,78.524,0.06343,0.04311745583174736,7.424795644023664,0.916,0.346,0.20244285965912903,0.97,0.987,91.6,141.78,23.77441211638104,-1.170481517117193
HAL,Halliburton Company,Energy,26016970752,29.47,2.6022074,3.44,8.56686,0.86,86.88,0.28903,0.20660550458715596,7.237583813846769,2.13,1.339,0.9603237515123701,2.33,1.9,27.53,43.85,11.88725490196077,-1.2125197282704852
HAS,"Hasbro, Inc.",Consumer Cyclical,10029637632,71.945,8.715323,4.41,16.31406,0.55,340.532,-0.56743,-0.33956962872115065,8.558010802518295,1.461,1.124,0.6318574459486765,3.9100002000000003,0.599,42.66,73.46,95.08116883116882,2.032209314291912
DOC,"Healthpeak Properties, Inc.",Real Estate,15685048320,22.435,1.7940823,0.27,83.09259,-4.92,94.667,0.03723,0.035980008274605166,4.541572084873246,2.356,1.462,0.13860804099030066,5.38,1.121,15.24,23.14,91.07594936708858,1.4804175432308633
HSY,The Hershey Company,Consumer Defensive,37344387072,184.61,9.312449,9.19,20.08814,15.24,143.695,0.47917998,0.2623364609652003,2.3766937887848596,0.858,0.338,0.9771668800492006,2.97,0.361,178.82,211.92,17.49244712990943,-0.8707374860385041
HES,Hess Corporation,Energy,42063863808,136.52,3.9977748,9.12,14.969299,1.74,88.242,0.30075002,0.14220957708443843,0.36165244518281225,1.269,1.106,0.4599798695899523,1.47,1.162,123.79,167.75,28.958143767060978,-0.2887143494713015
HPE,Hewlett Packard Enterprise Company,Technology,27171551232,20.9226,1.2304517,2.1,9.963143,3.3,53.696,0.086660005,0.06923534915369567,7.041372175125433,0.939,0.469,0.5099058419965697,2.5100000000000002,1.205,14.465,22.82,77.29024536205864,2.6824705177878156
HD,"The Home Depot, Inc.",Consumer Cyclical,412762898432,415.55,93.36104,15.58,26.672014,7.38,1479.819,5.13362,0.40111895808493075,2.944789818603926,1.148,0.253,1.9959993462984147,2.17,1.008,274.26,421.56,95.91989137813985,2.5847694395880714
HON,Honeywell International Inc.,Industrials,141350993920,217.5732,8.340611,11.15,19.513292,2.46,165.725,0.32740003,0.18433908714465175,3.595040223683204,1.206,0.843,0.5922778675282714,2.08,1.027,174.88,220.79,92.99324765846225,1.5417831693931505
HRL,Hormel Foods Corporation,Consumer Defensive,17122337792,31.2244,2.1763713,1.69,18.475975,3.17,36.305,0.10005,0.09759130738665975,4.101317708660703,2.289,0.984,0.9052287231153925,3.63,0.246,28.51,36.86,32.5077844311377,-0.540177021616521
HST,"Host Hotels & Resorts, Inc.",Real Estate,25790832640,18.03,1.8583798,0.99,18.212122,0.63,70.94,0.10767999,0.0904284919309961,4.181718299111107,4.239,4.23,0.433338772845953,4.46,1.34,14.92,21.31,48.669796557120534,0.4896166978566121
HWM,Howmet Aerospace Inc.,Industrials,42732990464,104.7,10.1149645,3.12,33.557693,1.38,89.245,0.23174,0.13801480795927812,1.7109146447776205,1.528,0.645,0.6420732002127351,0.31,1.292,42.94,105.4329,98.82722677296141,5.268782723680676
HUBB,Hubbell Incorporated,Industrials,24373811200,454.05,7.98456,17.71,25.638058,4.1,70.146,0.25931,0.18244911100776304,2.324472325444123,1.807,1.033,0.8724648035983956,1.08,0.9,248.37,461.77,96.38238050609186,3.0995536357243827
HII,"Huntington Ingalls Industries, Inc.",Industrials,10222617600,260.68,2.4495854,18.8,13.865957,2.33,68.956,0.19121,0.11584993278748625,2.5274838413206417,0.817,0.732,1.037876042044219,2.01,0.511,212.58,299.5,55.3382420616659,-0.24444784399244668
IBM,International Business Machines Corporation,Technology,213605023744,231.89,8.890465,10.73,21.61137,5.1,248.264,0.36244,0.10183051652013964,3.8555974684707457,1.123,0.869,0.471343015193307,2.87,0.697,135.87,237.37,94.60098522167486,3.356760871402753
IEX,IDEX Corporation,Industrials,16030573568,211.755,4.398733,8.53,24.824738,2.25,36.161,0.16726999,0.15135417249156555,3.728422351606278,3.413,2.37,0.5755245185504214,1.2999999,0.95,183.77,246.36,44.7116152740054,0.5409132075307062
ITW,Illinois Tool Works Inc.,Industrials,77073752064,259.595,26.029781,10.76,24.125929,5.84,286.057,1.01288,0.3771096559992622,3.331224915413507,1.302,0.856,1.0411764705882354,2.3,1.114,217.5,271.15,78.46225535880717,0.9920045064344427
IR,Ingersoll Rand Inc.,Industrials,40707502080,100.89,4.090743,3.63,27.793386,2.96,47.942,0.085319996,0.08647224123119931,2.529969748514719,2.178,1.416,0.4534280269309647,0.08,1.425,59.2,102.74,95.75103353238403,1.8751003498995744
INTC,Intel Corporation,Technology,94392705024,22.075,0.8191703,1.11,19.887388,5.55,44.032,0.00782,0.010029415541924791,-11.02759984402754,1.587,1.079,0.29024152003746573,2.21,1.023,18.51,51.28,10.878852609093679,-1.6679828190226438
ICE,"Intercontinental Exchange, Inc.",Financial Services,94259765248,164.175,3.5250354,6.84,24.002193,2.76,82.748,0.09365,0.071942166426989,7.900905363392063,0.995,0.028,0.05994152931705516,1.09,1.09,104.49,167.23,95.13069811922222,1.6763004531512802
IFF,International Flavors & Fragrances Inc.,Basic Materials,27113916416,106.055,1.9021953,4.65,22.807526,1.89,70.576,-0.14678,-0.07854518736223365,-2.2253331711384443,2.379,0.761,0.3452330827067669,1.50999995,1.234,63.21,106.77,98.35858585858588,1.964880048401887
IP,International Paper Company,Consumer Cyclical,16688088064,48.04,1.9411671,2.71,17.726938,1.65,70.25,0.05436,0.04160190653818257,4.73316658547566,1.594,1.07,0.8015084426177411,3.88,1.01,31.77,50.68,86.03913273400316,1.0772180803764102
IPG,"The Interpublic Group of Companies, Inc.",Communication Services,11928770560,31.76,3.1100667,2.87,11.066202,1.82,110.001,0.27183,0.18280291840114588,6.299789942476687,1.065,0.991,0.5719320360303579,4.17,1.082,27.2,35.17,57.214554579673795,0.8254718494125652
IVZ,Invesco Ltd.,Financial Services,8107325952,18.015,0.7666936,1.83,9.844262,0.84,5.646,-0.0054400004,-0.0060478626549900286,17.788078097985423,5.303,0.797,0.19479780407765468,4.63,1.423,12.48,18.28,95.43103448275862,2.229357074830655
INVH,Invitation Homes Inc.,Real Estate,20656670720,33.72,2.0592368,0.77,43.79221,13.39,85.167,0.047020003,0.044924714163131464,5.242516060206627,3.618,2.485,0.12883621674268875,3.35,1.002,28.49,37.8,56.176154672395285,-0.708999243281575
JBL,Jabil Inc.,Technology,14169280512,124.9,8.276457,10.01,12.477522,1.14,187.507,0.60295,0.21816020211026899,15.656228346395235,1.086,0.578,1.7731790194425283,0.26,1.249,95.85,156.94,47.55279096415127,2.2449179431794417
JKHY,"Jack Henry & Associates, Inc.",Technology,13538605056,185.59,7.340796,6.31,29.412045,3.27,11.377,0.22128999,0.22456472285146642,2.4769566333673545,0.997,0.649,0.7776144739130412,1.1900000000000002,0.639,136.57,186.77,97.64940239043824,1.7957676487149716
J,Jacobs Solutions Inc.,Industrials,17564938240,141.37,2.654736,7.66,18.455614,1.46,47.856,0.093260005,0.09690315321351071,6.536483443963421,1.141,1.108,1.1170624787721148,0.84,0.714,100.84377,141.4,99.92602862741433,3.111154114815677
JCI,Johnson Controls International plc,Industrials,51032928256,76.395,3.1959085,3.79,20.156992,2.36,67.818,0.1042,0.06473457859939663,4.136789841668144,0.955,0.592,0.6349052132701422,1.9299999,1.302,47.9,78.23,93.94988460270358,1.9829181560435363
JNPR,"Juniper Networks, Inc.",Technology,12852993024,39.0475,2.821351,1.93,20.231867,2.2,40.227,0.05277,0.05785959943354238,3.865539357815495,1.685,0.979,0.5905482563199117,2.26,0.921,24.87,39.79,95.02345844504022,0.9547855740942401
K,Kellanova,Consumer Defensive,27904241664,80.96,8.380085,0.99,81.77778,-0.51,188.299,0.22856002,0.12716598806931162,1.750629907388692,0.727,0.405,0.7692352786001114,2.8199999,0.394,49.28,81.09,99.59132348318136,3.2501724581178637
KDP,Keurig Dr Pepper Inc.,Consumer Defensive,50127867904,36.965,2.0274792,2.07,17.857489,2.73,67.76,0.08723,0.07527653075392234,1.1827253637346322,0.509,0.261,0.2849750401569729,2.4899999999999998,0.619,28.32,38.28,86.7971887550201,1.1112440698016415
KMB,Kimberly-Clark Corporation,Consumer Defensive,48846618624,145.0298,43.02278,7.67,18.908709,2.71,623.731,2.3954499,0.2222008834261571,4.445292561014919,0.849,0.495,1.157104830945234,3.36,0.402,116.63,149.31,86.90269277845775,0.9867955726087627
KIM,Kimco Realty Corporation,Real Estate,16276434944,24.145,1.5385841,0.67,36.03731,-4.62,72.207,0.03642,0.04952866024978179,0.0,1.681,1.681,0.09880292998277236,4.0,1.492,16.34,24.28,98.29974811083122,2.12145432108702
KMI,"Kinder Morgan, Inc.",Energy,55164678144,24.855,1.818348,1.26,19.72619,2.44,101.029,0.08012,0.0665841157384912,-0.5420134949749921,0.368,0.237,0.2173524784192547,4.64,0.921,15.91,25.02,98.18880351262351,3.818188136221334
KKR,KKR & Co. Inc.,Financial Services,125614374912,136.24,5.5785766,6.04,22.556292,0.99,86.649,0.10172,0.03433959344338434,0.0,1.773,1.708,0.04833575168960262,0.52,1.616,53.72,137.8,98.14462416745955,3.564257809227427
KLAC,KLA Corporation,Technology,94024032256,701.63,28.001358,33.39,21.013178,1.53,202.464,0.87845004,0.3250118446545705,2.319308725308195,2.152,1.375,0.6651035454813597,0.8200000000000001,1.271,452.01,896.32,56.18149490220791,-0.16383567679000421
KHC,The Kraft Heinz Company,Consumer Defensive,43194437632,35.715,0.8830947,3.16,11.302215,3.4,40.656,0.03867,0.05522344535977255,5.400869037525614,1.006,0.409,0.29460553380664856,4.4799999999999995,0.477,31.075,38.96,58.845909955611965,0.7210475881462173
KR,The Kroger Co.,Consumer Defensive,40739500032,56.31,4.5639486,4.58,12.294761,1.57,229.201,0.24285999,0.09513165152262897,4.950355184565069,0.872,0.306,2.996943911792905,2.2800000000000002,0.463,42.1,58.34,87.5,0.8638159476973133
LHX,"L3Harris Technologies, Inc.",Industrials,46488932352,245.0591,2.468537,14.27,17.173027,2.28,70.102,0.06197,0.05237063206959,4.515322004183848,0.896,0.555,0.5163872305912699,1.8900000000000001,0.731,169.55,249.0,95.03977344241662,1.9079959634417187
LH,Labcorp Holdings Inc.,Healthcare,18208280576,216.86,2.2699533,15.86,13.673392,1.6,75.489,0.05357,0.05692634760257483,4.402667130781366,0.879,0.618,0.6595192000043384,1.3300001000000001,1.038,191.97,238.47,53.52688172043014,-0.15662117736761139
LRCX,Lam Research Corporation,Technology,98990465024,76.335,11.654198,4.44,17.192568,2.57,61.726,0.45706,0.3155189851099763,3.391267455088827,2.97,1.929,0.794395280055191,1.2,1.481,57.442,113.0,34.00590374023542,-0.4825933209679356
LW,"Lamb Weston Holdings, Inc.",Consumer Defensive,10060289024,70.55,5.47706,4.94,14.281377,6.22,221.158,0.37015,0.1854986156819725,-3.140317253771973,1.193,0.486,0.931474493763862,2.02,0.748,52.99,111.875,29.820837225099762,0.11653212826954462
LVS,Las Vegas Sands Corp.,Consumer Cyclical,37970436096,51.56,10.107822,2.78,18.546762,1.57,352.799,0.47807997,0.1494007835906891,4.4742046251582765,1.583,1.528,0.4734235570668918,1.5700001000000001,1.127,36.62,55.66,78.46638655462188,4.666854060181736
LDOS,"Leidos Holdings, Inc.",Technology,22601639936,167.775,5.073176,9.56,17.549685,1.46,114.457,0.096260004,0.0633693972179289,5.4476137638086115,1.207,0.981,1.1983233718854305,0.91,0.704,90.3,170.08,97.11080471296063,3.085620142551539
LEN,Lennar Corporation,Consumer Cyclical,50539405312,188.02,1.8604422,16.17,11.627706,1.38,14.665,0.15878001,0.14466027116736893,9.207936000178949,11.501,3.257,0.8866611641925951,1.08,1.608,102.9,193.8,93.64136413641364,1.6237132454622667
LLY,Eli Lilly and Company,Healthcare,820008910848,910.69,60.462753,23.1,39.42381,0.94,212.883,0.59248,0.19177078481522944,-0.08235581139010095,1.114,0.603,0.6013263891887034,0.5700000000000001,0.416,547.61,972.53,85.44667231478869,1.3126808602449564
LIN,Linde plc,Basic Materials,229421088768,480.46,6.0090547,17.11,28.080652,3.24,54.406,0.16193001,0.12905951393369589,1.2589296509357588,0.951,0.73,0.4094747272058778,1.16,0.944,361.02,483.36,97.62955697237206,1.099929426354835
LKQ,LKQ Corporation,Consumer Cyclical,10390764544,39.46,1.7010087,3.91,10.092072,0.32,93.001,0.12129,0.12320380919989797,5.171659637983997,1.751,0.564,1.0226794999446842,3.08,1.281,35.57,53.68,21.479845389287693,-1.425131052014244
LMT,Lockheed Martin Corporation,Industrials,144540303360,606.4,23.273844,28.48,21.292135,5.11,311.854,0.87394994,0.25377966722036094,4.013932364283091,1.242,1.047,1.2829611908559277,2.18,0.47,413.92,614.62,95.90433482810164,3.141722188450837
LYB,LyondellBasell Industries N.V.,Basic Materials,30057728000,92.46,2.2348447,9.25,9.995676,1.97,94.093,0.17465,0.10398659966499163,6.022993620808599,2.1,1.126,1.1206160975942208,5.82,1.08,88.46,107.02,21.551724137931032,-0.40786244764919455
MRO,Marathon Oil Corporation,Energy,14932728832,26.695,1.3316206,2.42,11.030992,0.86,47.269,0.13327,0.14399795566345108,9.721096367123797,0.572,0.504,0.324281918258889,1.6500000000000001,2.162,21.81,30.06,59.212121212121225,-0.7169538315440394
MPC,Marathon Petroleum Corporation,Energy,52886765568,158.02,2.5269454,9.83,16.075281,-4.79,107.202,0.28934,0.23169342467001838,12.742317923252886,1.306,0.867,1.6871698949917846,2.1,1.358,140.98,221.11,21.265443654062167,-0.9803090442375846
MKTX,MarketAxess Holdings Inc.,Financial Services,10981305344,290.81,8.266344,8.13,35.769985,5.66,5.734,0.21017,0.23359255257669792,1.5277305087565372,14.579,12.354,0.4154456639290369,1.0299999,1.079,192.42,297.97,93.216485078162,3.847315438128746
MMC,"Marsh & McLennan Companies, Inc.",Financial Services,111591735296,226.925,8.351121,9.52,23.836658,2.97,113.785,0.31645,0.19847706746945282,3.3315639425613117,1.167,0.521,0.4934884528563987,1.4400001,0.935,184.02,232.32,88.83022774327125,0.7755044289226349
MLM,"Martin Marietta Materials, Inc.",Basic Materials,34513645568,564.7134,3.9051323,21.65,26.08376,3.6,53.631,0.25312,0.1188201824474908,4.1700899001362774,1.864,0.861,0.45003569234855656,0.5599999999999999,0.907,389.9,626.67,73.83258014106518,0.9448269770176838
MA,Mastercard Incorporated,Financial Services,471063461888,509.9,63.594414,16.65,30.624624,2.14,208.567,1.8770399,0.5428505957836847,2.5494706228893227,1.14,0.741,0.6183905780318336,0.52,1.103,359.77,510.4,99.66806081125938,1.498570277069551
MKC,"McCormick & Company, Incorporated",Consumer Defensive,21736548352,81.04,4.011286,3.13,25.891373,3.4,84.828,0.15067,0.10313005715222157,2.7066738585745447,0.714,0.274,0.512729343676887,2.0599999,0.76,59.45,85.49,82.91090629800311,0.6814147217607363
MDT,Medtronic plc,Healthcare,115433996288,90.0,2.407318,5.85,15.384616,2.99,57.859,0.07948,0.07015860187897767,4.2489649823462585,2.133,1.347,0.3577535939512184,3.1199999999999997,0.854,68.84,91.49,93.42163355408391,1.4761217730469216
MRK,"Merck & Co., Inc.",Healthcare,278005317632,109.675,6.3809056,9.7,11.306702,0.16,86.574,0.33383,0.037477926921129646,4.24227497389513,1.466,0.933,0.557045891537517,2.76,0.399,99.14,134.63,29.684418145956602,-1.5311665260384892
META,"Meta Platforms, Inc.",Communication Services,1460798095360,577.4225,9.33012,24.37,23.693987,2.02,24.235,0.35375,0.24220010826507743,2.191396224138078,2.83,2.688,0.6495822800048152,0.33999999999999997,1.216,279.4,602.95,92.11018389738834,2.8089127964787037
MCHP,Microchip Technology Incorporated,Technology,41402503168,77.14,6.4606366,3.26,23.662577,-3.49,96.83,0.20696,0.19147358804235498,4.674566443837293,1.939,0.928,0.47354660629274115,2.41,1.516,68.75,100.57,26.36706473915777,-0.6051599709385636
MU,"Micron Technology, Inc.",Technology,119989198848,108.19,2.6585577,12.88,8.399845,-4.64,31.194,0.01743,0.02994947480388246,0.30294393452903606,2.635,1.592,0.3757163163013391,0.44,1.179,63.88,157.54,47.309417040358746,3.2262997456080043
MSFT,Microsoft Corporation,Technology,3076531683328,413.86,11.459503,15.22,27.19185,2.17,36.447,0.37133,0.28619432015860335,1.8431550563022254,1.275,1.141,0.5304872968243954,0.7900001,0.896,324.39,468.35,62.14920811336483,-0.3526816901140195
MAA,"Mid-America Apartment Communities, Inc.",Real Estate,18504173568,154.24,3.00218,4.18,36.899525,-46.94,76.418,0.08469,0.06908406877408803,5.095564481899265,0.118,0.066,0.18907853445716094,3.85,0.871,115.56,167.39,74.62859347868034,0.5335400610769141
TAP,Molson Coors Beverage Company,Consumer Defensive,11434029056,55.15,0.95364076,5.84,9.443493,3.61,55.463,0.0879,0.06671154493436553,6.862519975740737,0.953,0.673,0.44798386016224057,3.2300000000000004,0.817,49.19,69.18,29.814907453726853,-0.08123798874130705
MDLZ,"Mondelez International, Inc.",Consumer Defensive,95763554304,71.66,3.4606655,3.58,20.016762,3.13,73.039,0.14033,0.12276146473710337,3.66292783668482,0.676,0.241,0.5053033279084124,2.6199998,0.549,63.66,77.2,59.084194977843396,0.18255714339396656
MPWR,"Monolithic Power Systems, Inc.",Technology,44258738176,907.825,20.133175,17.43,52.08405,2.56,0.705,0.20371,0.219038811122357,1.023948649864012,6.767,4.964,0.8105833699439023,0.5599999999999999,1.117,392.1,959.64,90.87024703104628,3.009856918995065
MOS,The Mosaic Company,Basic Materials,8319639040,26.11,0.7145008,2.42,10.789256,-0.51,37.417,0.02269,0.07906947612361749,1.8756823372952487,1.155,0.469,0.5901100416210673,3.2899998,1.359,24.12,38.3,14.033850493653025,-0.9079014891206456
MSI,"Motorola Solutions, Inc.",Technology,78713913344,471.79,98.12604,14.5,32.537243,3.52,838.8,2.51541,0.31513157894736843,2.371245296676988,1.2,0.952,0.7631357552581262,0.83,0.977,271.73,477.89,97.04113310050448,3.2822109083206534
NDAQ,"Nasdaq, Inc.",Financial Services,42114113536,73.265,3.8727667,3.11,23.557878,3.34,94.142,0.11017,0.07189823370149126,3.4783470077027623,0.938,0.178,0.22813287686693504,1.3099999,0.961,47.56,74.88,94.08857979502197,1.7164282085961797
NTAP,"NetApp, Inc.",Technology,25886621696,126.41,27.892763,7.59,16.65481,2.41,285.038,1.2042199,0.22954506140806089,4.738451538423564,0.958,0.821,0.6361837097183456,1.66,1.219,70.82,135.01,86.6022744975853,1.983831337324546
NEM,Newmont Corporation,Basic Materials,64801107968,56.475,2.2125368,3.87,14.593023,0.73,31.205,-0.08089,-0.03611537529288196,-4.268252551122799,2.106,0.629,0.2513512363280419,1.7999999999999998,0.513,29.42,57.319,96.9748019642281,2.935712122472109
NWSA,News Corporation,Communication Services,15301945344,26.48,1.8559014,1.04,25.461538,-12.84,45.001,0.03943,0.046298334433927654,2.862381155816524,1.431,1.16,0.6002083023359619,0.76,1.354,20.11,28.62,74.85311398354877,0.27434992027846916
NEE,"NextEra Energy, Inc.",Utilities,171436752896,83.41,3.4887903,3.68,22.665762,2.96,139.029,0.09078,0.07097093482070008,-10.913645586457294,0.488,0.294,0.1671343304877179,2.4899999999999998,0.552,50.95,86.1,92.3470839260313,1.81715253660338
NKE,"NIKE, Inc.",Consumer Cyclical,123493392384,82.965,8.871364,3.24,25.60648,6.0,86.962,0.3798,0.22934912962895665,5.3215396881845205,2.356,1.417,1.358046562049682,1.7999999999999998,1.017,70.75,123.39,23.20478723404256,0.46747799056858896
NI,NiSource Inc.,Utilities,15626089472,34.84,1.9852984,1.85,18.832432,2.57,137.246,0.091280006,0.05094897354341568,-12.49104922570355,0.775,0.294,0.19045279846680205,3.0700000000000003,0.506,24.58,35.1,97.52851711026618,1.8521344907410884
NDSN,Nordson Corporation,Industrials,14779702272,258.47,5.179033,10.41,24.829012,2.08,56.526,0.17406,0.14451608150535336,3.0458648741040077,2.362,1.358,0.5794951469580788,1.21,0.903,208.91,279.38,70.3277990634313,0.6863888876075381
NSC,Norfolk Southern Corporation,Industrials,57864364032,255.9283,4.458293,13.62,18.790625,2.38,139.656,0.14013,0.0779600205023065,-0.40180170280869837,0.628,0.504,0.30187367297018763,2.12,1.305,183.09,263.66,90.40374829340944,1.2271776676821435
NOC,Northrop Grumman Corporation,Industrials,77124485120,527.365,5.4010057,27.66,19.065979,2.4,127.026,0.15349,0.08355008381018439,2.9804089070073,1.105,0.928,0.8702200467336294,1.5599999999999998,0.337,418.6,555.57,79.40789954004524,1.388036412024006
NRG,"NRG Energy, Inc.",Utilities,18897905664,91.5685,6.3908777,6.29,14.55779,3.74,301.573,0.59641,0.02745192889103882,9.595639899157876,1.181,0.457,1.0446143809799942,1.83,1.086,40.1,96.4,91.41829484902308,4.193189302736759
NUE,Nucor Corporation,Basic Materials,36386287616,153.31,1.7557863,10.73,14.287978,-2.19,32.336,0.17629999,0.21201825018482084,6.238054225135931,2.931,1.757,1.0236994971476507,1.4199998999999999,1.561,133.42,203.0,28.58580051739007,0.33218596055905913
NVDA,NVIDIA Corporation,Technology,3264207388672,133.07,56.195103,4.05,32.85679,0.88,17.221,1.23767,0.6184547253026481,1.0332025560949707,4.269,3.503,1.1396875876905808,0.029999999000000003,1.669,39.23,140.76,92.42588397517976,5.82438517529301
NXPI,NXP Semiconductors N.V.,Technology,60269019136,236.465,6.685846,15.27,15.485592,1.81,108.935,0.31456,0.1872344629977275,3.3837865710043338,2.211,1.345,0.557944062703566,1.7399999999999998,1.493,167.21,296.08,53.74020330565688,0.10227509633535581
OXY,Occidental Petroleum Corporation,Energy,48292487168,51.64,1.9676127,3.39,15.233038,3.78,64.525,0.14427,0.11369102682701203,6.204381442555731,1.041,0.592,0.38545325576161016,1.71,1.598,49.75,71.19,8.81529850746269,-1.3926220672426153
ODFL,"Old Dominion Freight Line, Inc.",Industrials,43771232256,204.255,10.667729,6.33,32.267773,3.35,1.459,0.32136002,0.3317890346405354,1.7868665415349099,1.46,1.283,1.1334461017932271,0.52,0.992,165.49,227.8,62.21312790884286,0.5859518790337905
OKE,"ONEOK, Inc.",Energy,55484108800,94.995,3.3205748,5.66,16.78357,6.27,130.906,0.21406999,0.10689959327681678,2.254474362215943,0.622,0.343,0.5150265860587079,4.17,1.631,63.33,98.01,91.30622837370242,1.737319453116034
ORCL,Oracle Corporation,Technology,477259661312,172.23,44.12759,7.16,24.05447,2.4,749.978,1.55578,0.13940163754660428,2.1664307441312824,0.72,0.591,0.38466734456711216,0.9199999999999999,1.008,99.26,178.61,91.95967233774415,3.1422622511331344
PCAR,PACCAR Inc,Industrials,55960698880,106.75,3.1613708,8.12,13.146552,1.95,81.7,0.30283,0.21228878757912098,-0.267133904672207,5.096,4.465,0.9481220368993332,1.13,0.901,80.94,125.5,57.921903052064636,1.4710047430558384
PKG,Packaging Corporation of America,Consumer Cyclical,19935524864,221.97,4.796344,10.9,20.364222,-1.74,76.584,0.18013,0.1439436847641395,2.850815295193424,2.434,1.572,0.9352648202866064,2.26,0.786,143.82,222.76,98.99923992906005,2.214738265285887
PARA,Paramount Global,Communication Services,7529448960,10.585,0.42797074,1.5,7.056667,0.15,92.889,-0.29097998,-0.007587668330029393,210.5715133767239,1.297,0.984,0.5298027444253859,1.9,1.771,9.54,17.5,13.128140703517607,-0.4835174404513123
PH,Parker-Hannifin Corporation,Industrials,82393833472,640.35,6.8217406,29.36,21.810286,2.74,89.349,0.25379,0.18654469485433237,3.5002908427365274,0.93,0.501,0.6725895313503958,1.0199999,1.431,362.49,646.6,97.80014783006582,2.290481472963453
PAYX,"Paychex, Inc.",Technology,50993946624,141.69,13.243294,5.29,26.7845,4.12,22.517,0.45672,0.44448167126527394,2.3163044208154835,1.378,0.599,0.504388542487876,2.75,0.993,106.27,144.17,93.45646437994726,2.1198029369595055
PNR,Pentair plc,Industrials,16493531136,99.66,4.8045125,4.8,20.7625,1.69,54.921,0.20722,0.13132158825729912,2.978137282730625,1.645,0.888,0.6309373751037599,0.9299999999999999,1.195,57.18,99.95,99.32195464110356,2.9165004818323292
PEP,"PepsiCo, Inc.",Consumer Defensive,238904819712,174.12,12.289666,8.64,20.152777,3.36,229.605,0.48819,0.17772484313269812,2.5658753470899924,0.886,0.664,0.9494503897613684,3.08,0.539,158.03,183.41,63.39637509850278,0.2404305317912907
PFE,Pfizer Inc.,Healthcare,167960985600,29.64,1.9152236,2.86,10.363637,0.6,79.407,-0.02737,0.01828132082123252,2.0495831717720048,0.863,0.506,0.2761159860846908,5.71,0.617,25.2,32.68,59.35828877005349,0.3325345773728784
PCG,PG&E Corporation,Utilities,53180088320,20.335,1.6556749,1.48,13.739864,1.56,228.678,0.09972,0.03274468556244464,-11.864402830687137,0.903,0.725,0.19994925145902057,0.2,1.015,15.59,20.65,93.77470355731231,1.7633849520267915
PSX,Phillips 66,Energy,55588052992,132.805,1.8872119,10.93,12.150502,-2.39,65.428,0.16921,0.17428116355101014,4.744050165562596,1.145,0.73,1.940188096852109,3.5000000000000004,1.318,107.85,174.08,37.679299411143,0.002272595141469491
PNW,Pinnacle West Capital Corporation,Utilities,9934800896,87.445,1.5994768,4.83,18.104555,2.52,177.478,0.10266,0.042578736922421596,-1.2713553630536696,0.658,0.279,0.19820765237485174,4.04,0.516,65.2,91.57,84.35722411831627,0.5973193417239997
POOL,Pool Corporation,Industrials,14226242560,371.82,10.0,12.12,30.678219,-3.73,100.929,0.31962,0.2809492485235024,3.6863483930362566,2.484,0.84,1.5847833096566029,1.3200001,1.003,293.51,422.73,60.60207398235566,0.7900725913024809
PPG,"PPG Industries, Inc.",Basic Materials,30635790336,131.315,3.9443412,9.02,14.558204,1.8,90.913,0.18872999,0.12023142288917013,4.469037609227748,1.49,0.966,0.8608431034889481,2.0299999,1.25,118.07,151.16,40.027198549410706,0.46831475642021303
PPL,PPL Corporation,Utilities,24009345024,32.543,1.7070395,1.83,17.78306,2.74,115.222,0.059949998,0.044294628928014265,-2.355333023182099,1.113,0.668,0.21569161703839218,3.18,0.837,23.36,33.39,91.55533399800598,1.60058805482067
PG,The Procter & Gamble Company,Consumer Defensive,403304251392,171.64,8.1748905,7.43,23.100943,3.85,66.706,0.30677,0.22183158108245157,3.3010748550378626,0.735,0.464,0.6911130391161148,2.32,0.407,142.5,177.94,82.22347629796836,0.32917660146330197
PLD,"Prologis, Inc.",Real Estate,115544432640,124.79,2.168526,3.31,37.70091,-6.37,52.682,0.052020002,0.045486175243273363,3.8590122900100643,0.695,0.338,0.08869715813362107,3.1600002000000003,1.081,96.64,137.52,68.86007827788649,0.5110895648430405
PEG,Public Service Enterprise Group Incorporated,Utilities,44490846208,89.31,2.8107002,4.11,21.729925,3.62,136.261,0.10694,0.08250153226512565,-2.700274502272735,0.646,0.319,0.22596245689178454,2.7199999999999998,0.627,56.85,92.2,91.82461103253182,2.836335604557726
PSA,Public Storage,Real Estate,60899262464,347.96,11.367155,10.62,32.764595,59.67,95.888,0.20954001,0.1234797222291485,3.6387721596956255,0.981,0.928,0.24183650115119773,3.4799999999999995,0.672,233.18,369.99,83.89737592281263,1.308045513130492
PHM,"PulteGroup, Inc.",Consumer Cyclical,30487351296,146.91,2.7215133,13.65,10.762638,1.33,20.276,0.26968,0.23742690477062256,3.7027029768509543,5.964,0.576,1.0401375618391207,0.5499999999999999,1.63,68.8,147.38,99.40188343089845,3.01695109128471
PWR,"Quanta Services, Inc.",Industrials,45908619264,311.604,6.9481573,10.15,30.699903,2.06,58.01,0.13081001,0.10493990942941511,3.3188615654899256,1.296,1.162,1.4061352059531416,0.11999999,1.011,153.74,313.56,98.77612313853083,3.8324366074507905
QCOM,QUALCOMM Incorporated,Technology,193145552896,173.29,7.8390474,11.13,15.569631,1.37,58.995,0.38924,0.1964889404037477,5.85322810827923,2.394,1.639,0.7160133527894936,1.95,1.282,104.33,230.63,54.60015835312747,0.735598556348017
DGX,Quest Diagnostics Incorporated,Healthcare,16680853504,149.85,2.5137136,9.68,15.480372,2.47,75.546,0.13588999,0.10592283116244777,4.723229586610007,1.002,0.79,0.6889310845526639,2.01,0.888,120.87,159.36,75.29228371005452,0.35595755684635866
RL,Ralph Lauren Corporation,Consumer Cyclical,12587325440,203.22,5.357341,12.6,16.12857,1.74,113.316,0.28403,0.1595980838883047,6.144871773490906,2.191,1.428,0.9903450541737293,1.6400000000000001,1.507,109.59,206.74,96.376737004632,3.6952425209849475
RTX,RTX Corporation,Industrials,165455249408,124.38,2.8083088,6.11,20.35679,2.05,71.795,0.03648,0.0476856517357612,5.686356170422655,0.993,0.602,0.42976556824523826,2.02,0.543,72.48,126.82,95.50975340449025,2.7612889451718132
O,Realty Income Corporation,Real Estate,55374139392,63.585,1.4351977,1.6,39.740623,2.2,67.004,0.02417,0.030560412236875886,4.2435931461889,1.361,1.048,0.07592182473197982,4.99,0.993,45.04,63.93,98.17363684489149,1.6304110028731214
REG,Regency Centers Corporation,Real Estate,13125029888,71.89,1.9806044,2.03,35.41379,-6.34,66.187,0.06131,0.04419517432464991,4.635201025760895,0.971,0.749,0.11357911684534117,3.74,1.217,56.51,75.26,82.02666666666664,0.9173932441205404
RSG,"Republic Services, Inc.",Industrials,64471879680,205.28,5.85711,6.81,30.143906,3.36,119.945,0.17778999,0.0993201333245039,2.557277684756965,0.587,0.537,0.4949969402775251,1.1199999999999999,0.704,142.65,208.69,94.83646274984858,1.0557530359665068
RMD,ResMed Inc.,Healthcare,35323637760,240.68,7.268883,10.0,24.067999,1.78,17.967,0.22703,0.21981941846162673,3.3543681770560654,2.589,1.181,0.6877953497412159,0.89,0.689,132.24,255.18,88.20562876199773,2.2488857313317845
RVTY,"Revvity, Inc.",Healthcare,14943511552,121.16,1.8992085,5.17,23.435204,3.19,50.788,0.02507,0.023261045176562186,3.9204013726050353,2.272,1.836,0.19863648115222796,0.22999999999999998,1.047,79.5,128.15,85.63206577595065,0.6478191331088927
ROK,"Rockwell Automation, Inc.",Industrials,31182434304,274.815,9.376152,10.64,25.828476,122.26,117.229,0.25676,0.2196581304243768,3.4992858009806773,1.035,0.602,0.8211143695014663,1.8399999999999999,1.361,242.81,312.76,45.75411007862759,0.6545758983357259
ROL,"Rollins, Inc.",Consumer Cyclical,24072826880,49.705,19.476881,1.14,43.60088,3.9,70.837,0.35711,0.2998418344626508,1.8158206436617716,0.778,0.577,1.3029298643684943,1.2,0.696,32.19,51.96,88.59382903388973,0.6220789082355715
ROP,"Roper Technologies, Inc.",Technology,59709063168,556.785,3.2905164,19.97,27.881071,3.79,40.928,0.082679994,0.07569343326337173,3.3800564887804474,0.531,0.414,0.22404317086836767,0.54,1.021,474.46,579.1,78.67450305810392,0.3332040582856426
ROST,"Ross Stores, Inc.",Consumer Cyclical,48795553792,147.08,9.519741,6.7,21.95224,2.39,114.299,0.43236,0.25170963168729305,2.254286439065567,1.558,0.995,1.4703795981696437,1.01,1.091,112.39,163.6,67.74067564928728,0.3541135943118028
RCL,Royal Caribbean Cruises Ltd.,Consumer Cyclical,52256260096,203.0,8.69677,13.5,15.037037,0.58,352.184,0.5165,0.12071511853867081,-3.193843258078383,0.191,0.079,0.4034423208092066,0.7900001,2.622,78.35,204.37,98.91287097286144,5.896982882408061
SPGI,S&P Global Inc.,Financial Services,164522196992,525.63,4.716666,16.49,31.875683,2.59,30.851,0.09255,0.07353481198589894,2.4812761187467625,1.026,0.863,0.2042444003170634,0.69,1.176,340.49,533.29,96.02697095435686,1.5328767306102722
CRM,"Salesforce, Inc.",Technology,274936037376,287.59,4.780419,11.14,25.815977,1.76,21.148,0.09734,0.08196250956388676,4.705003300207309,1.041,0.858,0.3508999758395748,0.5499999999999999,1.3,193.68,318.71,75.10997360633446,2.82571970161037
SLB,Schlumberger Limited,Energy,61713346560,43.465,2.9289083,3.97,10.948362,0.59,59.982,0.21972999,0.16738035993287426,4.5233327758137385,1.492,1.016,0.7275062574100909,2.56,1.525,38.66,61.2,21.317657497781745,-0.4598386659369651
SRE,Sempra,Utilities,53538824192,84.56,1.8719974,5.15,16.419416,2.96,93.667,0.1042,0.05105654356539674,-8.126346205134084,0.459,0.247,0.20174353714820065,2.9499999999999997,0.759,66.4,84.9,98.16216216216215,1.492051398341514
SHW,The Sherwin-Williams Company,Basic Materials,98132148224,389.015,26.026295,12.89,30.179598,3.22,327.829,0.68071,0.21604042259990813,2.5243510071189452,0.81,0.443,1.012193622608039,0.74,1.169,232.06,392.57,97.78518472369322,2.363951226827174
SPG,"Simon Property Group, Inc.",Real Estate,65327808512,174.26,19.566584,6.39,27.270735,2.8,719.648,0.8296,0.1152718176829422,2.7664853071996465,0.389,0.388,0.16818056095860884,4.7,1.768,104.05,176.7,96.64143152099106,2.5537252665710346
SWKS,"Skyworks Solutions, Inc.",Technology,15897332736,99.535,2.5086324,6.41,15.528082,1.06,18.951,0.12777,0.15301833757194486,7.176675401757157,5.754,3.333,0.5517065980752002,2.8399997999999997,1.199,85.06,120.86,40.432960893854734,0.024841940642847504
SJM,The J. M. Smucker Company,Consumer Defensive,12886831104,121.11,1.6586776,10.56,11.46875,2.44,111.438,0.10090999,0.07634775868124948,4.197987198203292,0.553,0.206,0.4638410212930064,3.58,0.235,105.69,134.62,53.301071552022115,0.52818900566928
SNA,Snap-on Incorporated,Industrials,15721044992,298.41,2.9724185,19.93,14.972905,3.91,24.146,0.20966999,0.20866839307618917,5.76337341735915,4.061,2.89,0.7037340625581187,2.52,0.974,249.84,302.64,91.98863636363643,1.6549797103925707
SO,The Southern Company,Utilities,99999916032,91.36,3.0816975,4.32,21.148148,3.05,181.438,0.1268,0.05395506260725863,-1.4712512833802776,0.914,0.451,0.18417924163633845,3.17,0.51,64.53,91.87,98.134601316752,1.9012974201818345
LUV,Southwest Airlines Co.,Industrials,18495916032,30.8699,1.7674282,1.4,22.049929,2.99,87.043,0.0073400005,0.035863150509677685,-8.848575118790851,0.903,0.804,0.7262024048096193,2.3599999,1.162,21.91,35.18,67.51996985681991,1.903579458245132
SWK,"Stanley Black & Decker, Inc.",Industrials,16499786752,107.17,1.8914578,5.74,18.670732,1.62,81.43,-0.0297,0.010331484876775812,9.693458224883608,1.27,0.343,0.6490660557590315,3.06,1.239,76.57,110.88,89.18682599825127,2.0584785670817345
STLD,"Steel Dynamics, Inc.",Basic Materials,19948292096,129.28,2.203361,9.99,12.940941,-0.81,33.206,0.22783001,0.2620383673061748,3.353305139010533,2.349,1.138,1.2931783939703054,1.43,1.328,98.25,151.34,58.44791862874364,1.6571119725177348
STE,STERIS plc,Healthcare,22599495680,229.165,3.5629992,10.07,22.7572,2.47,39.003,0.08967,0.08360771255466283,2.572816916948122,2.326,1.308,0.46959791160700837,1.01,0.838,195.47,248.24,63.85256774682583,-0.10260470162227509
SYK,Stryker Corporation,Healthcare,137392783360,360.54,6.952313,13.5,26.706667,2.65,64.487,0.18576,0.1220968397361758,1.6021584206735444,1.681,0.806,0.5338298869732798,0.89,0.918,255.22,374.63,88.20031823130392,0.7873858487701264
SYY,Sysco Corporation,Consumer Defensive,37049171968,75.42,19.94183,4.98,15.144578,2.3,684.611,0.99415,0.20234753763715232,5.057805193645077,1.195,0.654,3.3031966148560894,2.7,1.197,64.28,82.89,59.860290166577116,0.5452023054578199
TMUS,"T-Mobile US, Inc.",Communication Services,254546149376,218.15,4.06367,10.86,20.087477,1.12,183.709,0.14729,0.07675337609903937,5.141405778120145,0.838,0.658,0.3749606224046585,1.6199999999999999,0.508,136.85,218.33,99.77908689248895,3.4247525903554337
TROW,"T. Rowe Price Group, Inc.",Financial Services,24634697728,110.669,2.481312,9.2,12.02924,17.16,3.479,0.18722,0.17266650286789065,7.26891380511929,1.897,1.897,0.5401281660054928,4.5300003,1.428,87.43,122.27,66.70206659012628,0.459818527219221
TPR,"Tapestry, Inc.",Consumer Cyclical,10597355520,45.525,3.6176894,4.71,9.665606,0.93,302.589,0.31538,0.09729817624757162,8.744280837338557,5.144,4.48,0.6504331378484968,3.1,1.557,25.99,48.8,85.6422621657168,2.049402773537344
TRGP,Targa Resources Corp.,Energy,35458101248,161.85,14.376444,7.85,20.617836,1.32,313.789,0.29883,0.14685470858527488,0.43734718595160804,0.646,0.479,0.7983883395721793,1.8499999999999999,2.249,81.03,167.79,93.15352697095436,3.3464982510948937
TGT,Target Corporation,Consumer Defensive,73348677632,159.22,5.093573,10.53,15.120608,2.05,132.802,0.33968,0.16085099301009653,5.103875190200784,0.897,0.175,1.9764653927188083,2.79,1.238,105.23,181.86,70.45543520814302,1.1150242284033611
TEL,TE Connectivity plc,Technology,44280999936,145.7,3.5115201,8.21,17.74665,2.39,33.124,0.28673,0.13612383326569658,4.970811687137417,1.507,0.852,0.7546477149715254,1.78,1.323,115.0,159.98,68.25255669186305,0.134465451244959
TFX,Teleflex Incorporated,Healthcare,11156482048,236.78,2.447212,15.41,15.365347,2.15,40.476,0.060349997,0.07495075298871567,2.764149905617273,2.583,1.264,0.411391940685209,0.58,1.156,177.63,257.85,73.73472949389178,0.5590059356331372
TER,"Teradyne, Inc.",Technology,21142181888,129.485,7.6722755,4.68,27.667736,5.49,2.936,0.1919,0.18726628327484113,2.043664945694369,2.804,1.486,0.7659613318458471,0.38,1.49,81.08,163.21,58.93705101668088,0.598505764242734
TXN,Texas Instruments Incorporated,Technology,183083991040,200.52,10.635409,6.29,31.879173,-13.83,80.696,0.32044,0.26770704147719443,-0.4306083625999592,4.616,3.404,0.5883301150197296,2.7199999999999998,0.973,139.48,214.66,81.19180633147116,0.8207032754588532
TXT,Textron Inc.,Industrials,16500123648,88.065,2.4098349,7.02,12.544872,1.14,57.837,0.1338,0.09328418015707646,4.809055064846021,1.789,0.638,0.8255452653172042,0.09000000400000001,1.229,74.13,97.34,60.03877638948728,-0.03633407407863154
TMO,Thermo Fisher Scientific Inc.,Healthcare,225694695424,590.83,4.758273,23.81,24.814365,4.04,74.528,0.13527,0.09057534764029558,2.8882489930717354,1.725,1.236,0.43758423524606904,0.26,0.777,415.6,627.88,82.54663651780669,0.4034962931917587
TJX,"The TJX Companies, Inc.",Consumer Cyclical,131678814208,116.75,16.922743,4.6,25.380436,3.01,162.567,0.66199,0.31332918739635157,2.6798161125797977,1.214,0.554,1.8664624070503992,1.28,0.888,86.92,121.13,87.19672610347853,1.0063856305476708
TSCO,Tractor Supply Company,Consumer Cyclical,32630372352,302.5,14.09862,11.21,26.984835,3.83,222.377,0.51282,0.21093958710148195,1.7427103125445815,1.43,0.155,1.6467501871378896,1.46,0.802,185.0,307.64,95.80887149380301,2.6990781624366718
TT,Trane Technologies plc,Industrials,89347268608,395.92,12.873773,12.42,31.877617,2.63,75.61,0.3575,0.21005517903196785,2.4481161674864573,1.17,0.797,0.9434720535845331,0.8500000000000001,1.214,184.02,406.96,95.0479949762268,3.2768707627218676
TSN,"Tyson Foods, Inc.",Consumer Defensive,21632686080,60.795,1.196752,3.5,17.369999,0.44,60.548,0.00081,-0.010856413014251142,4.006090694401645,1.82,0.856,1.4473669805123714,3.27,0.773,44.94,66.88,72.26526891522336,0.3316118524867331
UDR,"UDR, Inc.",Real Estate,16806134784,44.73,4.0062695,0.48,93.1875,5.13,125.624,0.030350002,0.062470556286877685,4.336826244508596,0.315,0.012,0.14523665126519564,3.82,0.841,30.95,47.55,83.01204819277108,0.9396614349031369
UNP,Union Pacific Corporation,Industrials,151330881536,248.41,9.185741,12.39,20.049232,1.82,201.328,0.43756,0.15433850320833198,2.3126475260553128,1.049,0.764,0.36383795566483884,2.18,1.05,199.97,258.66,82.53535525643207,0.33238609918398776
UPS,"United Parcel Service, Inc.",Industrials,115972096000,135.39,6.813104,8.89,15.22947,6.65,155.099,0.28331,0.17596510031778267,1.610516736715701,1.248,1.049,1.2812700290883992,4.8699997,0.979,123.12,163.82,30.147420147420114,0.03835488513138896
URI,"United Rentals, Inc.",Industrials,56500559872,854.31,6.833168,47.48,17.99305,2.01,167.576,0.32622,0.17520043731778426,5.018755506890564,0.811,0.687,0.5759061319617456,0.7799999999999999,1.683,387.01,861.74,98.43489983780252,3.6655514837338314
UNH,UnitedHealth Group Incorporated,Healthcare,531380895744,575.45,5.3580575,30.93,18.604914,1.62,74.683,0.15252,0.18525643227645908,-0.45132408846617433,0.908,0.563,1.4151532945083505,1.50999995,0.593,436.38,608.63,80.73730043541367,0.33805493517933627
UHS,"Universal Health Services, Inc.",Healthcare,15872404480,237.92,2.4474094,17.87,13.313933,0.58,76.199,0.14938,0.09558412464850381,3.8335031139529026,1.275,1.063,1.0401343830828216,0.36000002,1.279,119.9,243.25,95.67896230239155,3.468707245913044
VLO,Valero Energy Corporation,Energy,43565268992,135.98,1.7122924,10.94,12.429616,-0.7,38.021,0.21823,0.26722013231288105,16.045464990205012,1.48,0.966,2.3342201583385735,3.18,1.376,119.88,184.79,24.80357417963333,-0.6501570866340196
VTR,"Ventas, Inc.",Real Estate,26734270464,64.46,2.7685435,0.09,716.22217,65.27,134.161,-0.014359999,0.022693465385813676,3.250318699252013,0.778,0.644,0.18402315245953355,2.7999999,1.389,40.98,65.65,95.17632752330762,2.6021902635180485
VRSK,"Verisk Analytics, Inc.",Industrials,38363328512,269.36,89.19205,7.27,37.05089,3.37,755.686,2.42046,0.31788466353242273,1.9316623784826192,0.953,0.867,0.4734444522918285,0.58,0.861,215.32,287.13,75.25414287703666,0.6695733823636578
VZ,Verizon Communications Inc.,Communication Services,184545361920,43.84,1.9189354,4.69,9.347548,12.59,182.829,0.120950006,0.0688342425206096,4.540618059874349,0.626,0.471,0.3525933139018469,6.2,0.411,30.99,45.36,89.42240779401533,1.2056033393052206
VTRS,Viatris Inc.,Healthcare,14053697536,11.775,0.7198313,2.69,4.377323,-1.33,88.994,-0.03203,0.01944467413883397,12.874814726623129,1.53,0.653,0.3157765457584203,4.05,0.93,8.74,13.62,62.19262295081969,0.34530201592479726
VICI,VICI Properties Inc.,Real Estate,34671800320,33.11,1.3429325,2.73,12.128205,1.99,67.497,0.10666,0.07757891283376166,-0.1364725787622441,15.6,15.598,0.08849043886662922,5.2699998,0.957,26.625,34.29,84.60534898891063,1.1049072886077205
V,Visa Inc.,Financial Services,551812661248,283.58,14.138704,11.08,25.593863,2.23,51.856,0.48548,0.3216717852850848,2.663335980504972,1.373,0.942,0.3710568181818182,0.74,0.961,228.03,293.07,85.40897908979088,0.41643360193183154
VST,Vistra Corp.,Utilities,46174666752,134.4002,14.88869,6.96,19.310375,0.2,232.38,0.12665,0.11307954889167351,1.7452752010713632,0.977,0.377,0.4495308198865451,0.6799999999999999,1.116,31.43,143.865,91.58198069995997,13.906938673725124
VMC,Vulcan Materials Company,Basic Materials,33660112896,254.885,4.369782,9.19,27.735039,2.71,51.846,0.123730004,0.1048290309206363,1.4969498455243684,2.481,1.471,0.5407796305111483,0.73,0.815,190.51,278.79,72.9213864975079,0.6953205604411108
GWW,"W.W. Grainger, Inc.",Industrials,54386401280,1113.8888,16.615286,42.1,26.458168,5.16,75.913,0.55533004,0.4105446485117163,2.7221877770104226,2.303,1.299,2.0944391483952973,0.76,1.16,674.41,1115.63,99.60536693712884,2.7724668476524608
WAB,Westinghouse Air Brake Technologies Corporation,Industrials,33150756864,189.235,3.171678,8.43,22.447805,1.79,40.798,0.099,0.08773104741494776,3.0859023949191484,1.378,0.656,0.5160516211604096,0.43,1.275,98.7,189.92,99.24906818680117,3.0692322774240983
WBA,"Walgreens Boots Alliance, Inc.",Healthcare,9156599808,10.565,0.76007193,1.63,6.481595,-0.34,269.743,-0.75971,-0.06712163455536599,34.034195065260626,0.68,0.332,1.4894726696367375,9.6,0.681,8.22,27.05,12.453531598513006,0.8383511511589654
WMT,Walmart Inc.,Consumer Defensive,650053287936,80.87,7.696774,2.72,29.731619,3.28,69.566,0.18531999,0.15333408340834084,1.1847297935301309,0.803,0.183,2.6155376556711514,1.0199999,0.516,49.84667,81.82,97.02877366855442,2.143567392930719
DIS,The Walt Disney Company,Communication Services,173361070080,95.59,1.725171,5.16,18.525194,1.24,45.188,0.0546,0.038649392341206144,4.7725536143621845,0.716,0.531,0.43448596075364726,0.9599999499999999,1.401,79.23,123.74,36.75578521680522,0.11336354629242851
WM,"Waste Management, Inc.",Industrials,85447991296,212.92,11.452853,8.03,26.515568,2.38,224.708,0.35022998,0.12312480330104557,1.6572947292516305,1.073,0.95,0.636423118865867,1.39999995,0.751,153.95,225.0,82.99788881069668,0.929284557006963
WEC,"WEC Energy Group, Inc.",Utilities,30996289536,98.065,2.5653334,5.22,18.7864,3.37,151.895,0.11181,0.05829248755309093,-1.0333898566406783,0.74,0.42,0.20726753197112752,3.44,0.437,75.13,98.36,98.73009040034437,1.944331826533842
WELL,Welltower Inc.,Real Estate,80113786880,129.53,2.7185342,1.8,71.96111,1.69,48.293,0.023729999,0.022322137243626784,3.653658310253627,2.497,1.955,0.1581881311633681,2.07,1.203,80.8,131.31,96.47594535735497,2.436944668767036
WST,"West Pharmaceutical Services, Inc.",Healthcare,20821979136,287.035,8.087088,7.8,36.79936,41.4,12.186,0.1972,0.2238971403236533,0.8264704468100761,2.34,1.496,0.7922861018223816,0.27,1.007,265.0,413.7,14.818426361802302,-2.0312812719149855
WY,Weyerhaeuser Company,Real Estate,24270501888,33.37,2.41689,0.97,34.40206,12.47,50.702,0.07381,0.07514665020067922,2.9959207080077337,2.194,1.424,0.4471637094659558,2.42,1.422,26.73,36.27,69.6016771488469,0.8483023797814253
WMB,"The Williams Companies, Inc.",Energy,62110584832,50.955,5.066117,2.13,23.922535,4.2,178.096,0.20376,0.1205419150800265,1.9569933776791009,0.45,0.266,0.21585196912725113,3.73,1.077,32.65,51.19,98.73247033441208,3.5341195258502656
WTW,Willis Towers Watson Public Limited Company,Financial Services,29635932160,291.81,3.1736763,18.32,15.9284935,1.86,63.654,0.11383,0.0919805589307412,5.136079566460986,1.107,0.304,0.31163837723261967,1.21,0.744,203.36,303.42,88.39696182290623,1.0691281938325756
XEL,Xcel Energy Inc.,Utilities,35546263552,63.76,1.9792635,3.84,16.604166,2.63,170.558,0.106400006,0.04499632019443066,-6.931460091144716,0.966,0.647,0.22681153057070097,3.45,0.4,46.79,65.64,90.02652519893898,1.019533328992848
XYL,Xylem Inc.,Industrials,33333420032,137.235,3.2235217,4.81,28.531185,2.19,20.332,0.07553,0.0491838642410297,2.927242434359518,1.852,1.222,0.6120345744680851,1.05,1.035,87.59,146.08,84.87775688151821,1.0276280063590815
ZBH,"Zimmer Biomet Holdings, Inc.",Healthcare,21407389696,105.1175,1.6904812,8.58,12.251457,1.87,47.332,0.07946,0.06805440060087449,4.851187028159941,1.286,0.509,0.34744812970920685,0.9199999999999999,1.023,101.47,133.9,11.247301880974428,-0.5504943476709558
ZTS,Zoetis Inc.,Healthcare,88181850112,194.64,17.786713,6.46,30.130032,3.48,136.573,0.48888,0.25611034927805115,1.9173446121311517,3.451,1.646,0.5849851083495944,0.8999999999999999,0.886,144.8,201.92,87.25490196078431,0.8727428555744874
